date,shift,hours,tips
2026-01-06,Evening,5.5,188.07
2026-01-07,Evening,6.0,103.55
2026-01-08,Evening,6.0,95.54
2026-01-09,Evening,8.5,156.31
2026-01-10,Evening,8.0,139.01
2026-01-13,Evening,5.0,149.25
2026-01-14,Evening,5.0,89.89
2026-01-15,Evening,6.5,128.85
2026-01-16,Evening,8.0,146.96
2026-01-17,Evening,7.5,129.29
2026-01-20,Evening,5.0,171.39
2026-01-21,Evening,5.0,94.45
2026-01-22,Evening,6.0,103.22
2026-01-23,Evening,8.0,144.46
2026-01-24,Evening,8.0,151.99
2026-01-27,Evening,4.5,142.85
2026-01-28,Evening,5.5,93.69
2026-01-29,Evening,5.5,101.96
2026-01-30,Evening,8.0,150.19
2026-01-31,Evening,8.0,136.95
2/3/2026,Evening,4.5,141.31
2/4/2026,Evening,5.5,93.13
2/5/2026,Evening,5.5,105.8
2/6/2026,Evening,7.5,128.55
2/7/2026,Evening,7.5,141.6
2/10/2026,Evening,5.5,173.35
2026-02-11,Evening,5.5,103.91
2026-02-12,Evening,6.0,100.11
2026-02-13,Evening,8.0,139.98
2026-02-14,Evening,8.5,170.27
2026-02-17,Evening,4.5,134.13
2026-02-18,Evening,5.0,75.27
2026-02-19,Evening,6.5,123.4
2026-02-20,Evening,8.0,148.37
2026-02-21,Evening,8.0,150.32
2026-02-24,Evening,5.0,174.56
2026-02-25,Evening,5.5,94.03
2026-02-26,Evening,6.5,101.29
2026-02-27,Evening,8.5,165.5
2026-02-28,Evening,7.5,135.59
2026-03-03,Evening,5.0,174.94
2026-03-04,Evening,5.0,80.27
2026-03-05,Evening,6.5,129.86
2026-03-06,Evening,7.5,124.7
2026-03-07,Evening,8.0,142.82
2026-03-10,Evening,5.0,145.29
2026-03-11,Evening,5.5,105.33
2026-03-12,Evening,6.5,99.89
2026-03-13,Evening,7.5,128.45
2026-03-14,Evening,8.0,136.5
2026-03-17,Evening,5.0,156.15
2026-03-18,Evening,6.0,93.82
2026-03-19,Evening,6.5,124.55
2026-03-20,Evening,8.0,152.8
2026-03-21,Evening,8.0,156.07
2026-03-24,Evening,5.0,172.25
2026-03-25,Evening,5.5,102.45
2026-03-26,Evening,6.0,112.18
2026-03-27,Evening,8.0,148.49
2026-03-28,Evening,8.5,174.49
2026-03-31,Evening,4.5,141.88
2026-04-01,Evening,5.0,77.73
2026-04-02,Evening,6.0,97.15
2026-04-03,Evening,8.5,146.8
2026-04-04,Evening,8.5,154.48
